hash,path,created,modified,count
933827ccd64bd5345025069ddc79451f,../Photos/New Folder With Items/0009845a-53ab-4b7b-838e-3e76fa6a638f.jpg,2020-04-09 18:38:09,2020-04-07 15:13:26,1
ac30e5f00f3a848e6b174b081de267f8,../Photos/New Folder With Items 4/DSC_0040.jpg,2020-04-09 18:38:32,2020-04-07 20:06:04,1
f67308e65280f43c78398f1c9da6c52d,../Photos/New Folder With Items 4/DSC_0041.jpg,2020-04-09 18:38:32,2020-04-07 20:06:24,1
6bcb3dd1f6148d9c388d32953b7a030c,../Photos/New Folder With Items 4/DSC_0042.jpg,2020-04-09 18:38:32,2020-04-07 20:06:46,1
2ce0738fb3a0787942c97a0c07d25c2c,../Photos/New Folder With Items 4/DSC_0056.jpg,2020-04-09 18:38:32,2020-04-07 20:10:48,1
cc5e1128d73fa665d69939e6c088da18,../Photos/New Folder With Items 4/DSC_0057.jpg,2020-04-09 18:38:32,2020-04-07 20:11:12,1
933827ccd64bd5345025069ddc79451f,../Photos/New Folder With Items/0009845a-53ab-4b7b-838e-3e76fa6a638f copy 2.jpg,2020-04-09 18:50:57,2020-04-07 15:13:26,1
933827ccd64bd5345025069ddc79451f,../Photos/New Folder With Items/0009845a-53ab-4b7b-838e-3e76fa6a638f copy.jpg,2020-04-09 18:50:57,2020-04-07 15:13:26,1
933827ccd64bd5345025069ddc79451f,../Photos/New Folder With Items/0009845a-53ab-4b7b-838e-3e76fa6a638f copy 3.jpg,2020-04-09 18:50:58,2020-04-07 15:13:26,1
ac30e5f00f3a848e6b174b081de267f8,../Photos/New Folder With Items 4/DSC_0040 copy.jpg,2020-04-09 21:05:26,2020-04-07 20:06:04,1
f67308e65280f43c78398f1c9da6c52d,../Photos/New Folder With Items 4/DSC_0041 copy.jpg,2020-04-09 21:05:26,2020-04-07 20:06:24,1
6bcb3dd1f6148d9c388d32953b7a030c,../Photos/New Folder With Items 4/DSC_0042 copy.jpg,2020-04-09 21:05:26,2020-04-07 20:06:46,1
2ce0738fb3a0787942c97a0c07d25c2c,../Photos/New Folder With Items 4/DSC_0056 copy.jpg,2020-04-09 21:05:26,2020-04-07 20:10:48,1
cc5e1128d73fa665d69939e6c088da18,../Photos/New Folder With Items 4/DSC_0057 copy.jpg,2020-04-09 21:05:26,2020-04-07 20:11:12,1
